participant:assignmentId,condition,interested-Bear,complex-Bear,time-Bear,progress-Bear,rule-Bear,future-learn-0-Bear,future-learn-1-Bear,interested-Bunny,complex-Bunny,time-Bunny,progress-Bunny,rule-Bunny,future-learn-0-Bunny,future-learn-1-Bunny,interested-GreenMonster,complex-GreenMonster,time-GreenMonster,progress-GreenMonster,rule-GreenMonster,future-learn-0-GreenMonster,future-learn-1-GreenMonster,interested-Squid,complex-Squid,time-Squid,progress-Squid,rule-Squid,future-learn-0-Squid,future-learn-1-Squid,age,gender,race,ethnicity,thoughts,comments
A10249252O9I20MRSOBVF:3QFUFYSY9ZU71A0RA11WIB75T16F4P,1,9,10,8,3,5,6,8,8,4,7,10,10,9,3,8,9,7,8,7,6,8,7,3,9,10,10,4,3,53,female,white,nonhisp,Learning association with a stereotype,
A114BI2ZRYWKC0:3LYA37P8IR222VDEQR2G625GANLKBE,1,5,1,1,9,10,10,1,10,10,9,6,10,10,5,10,10,10,2,1,10,5,1,1,2,10,10,10,1,19,female,black,nonhisp,Learning patterns,
A115UFR6VA6OM1:3LUY3GC630FGBA74Q2V8XH5JM9E7PZ,0,7,7,7,7,6,7,8,8,9,9,4,4,9,8,8,7,8,10,10,7,4,9,3,5,9,9,9,3,61,female,white,nonhisp,not sure,
A11S8IAAVDXCUS:3HRMW88U175W8WA7DNI71Y119QDM0Y,1,7,4,4,8,7,8,3,4,2,1,10,10,3,1,5,2,2,10,9,3,1,10,10,10,3,3,10,5,27,female,white,nonhisp,I'm not sure,
A11W7R2O4RQSSS:34BBWHLWHBQ3K3L1LFD0G03OTN5WIT,0,9,1,8,8,8,1,7,4,2,5,9,10,1,2,9,5,8,6,7,1,7,8,9,6,4,2,1,9,24,female,white,nonhisp,not sure,enjoyed it!
A125FN8IYVB93O:34J10VATJGDY06PF96EUOBL25L2QIV,0,7,8,9,4,7,8,7,7,2,9,9,7,8,7,7,2,9,8,7,8,7,7,8,9,4,7,8,7,41,female,white,nonhisp,It was testing our memory.,None
A12DBV9FNAOFEM:3FQ5JJ512M34342BTH7PXX5ASFQNK4,1,6,10,9,2,2,10,10,10,2,3,10,10,10,1,3,8,8,7,9,10,1,4,5,6,7,10,10,1,32,male,white,nonhisp,I believe it was testing my memory. ,
A151HCDSHOD1IJ:3KXIR214I5VN0GOFM6MPYSDGJU142N,0,10,10,2,1,3,8,5,10,10,3,1,3,3,5,1,1,10,10,10,8,1,1,1,10,10,10,3,1,35,female,asian,nonhisp,Learning patterns,"So fun! Art is so cute. But, 300 trials is a bit too much."
A154B3Q5DTHN7:3R6P78PK7LQXWVBC0M8M84J9AENGTJ,1,9,4,8,8,9,8,9,9,7,7,7,8,7,9,9,4,8,8,9,7,9,9,10,4,5,3,3,7,69,male,white,NA,Judging differences,none
A15JXW50UYKBGP:3EO896NRAXA7NX1D8STP5HBP27UJTI,1,9,9,9,2,2,6,10,6,1,4,9,10,8,2,2,1,2,10,10,2,2,4,3,5,8,8,10,3,27,female,white,nonhisp,Patterns,
A163J5TEJBO43B:31EUONYN2WI010WZT0L9EVGWXJAVOC,1,5,2,3,10,10,3,1,6,1,6,10,10,9,1,10,10,10,1,2,8,8,8,3,8,10,10,5,1,40,female,white,NA,How we would adapt to new information and if we would understand provided information.,
A16G6PPH1INQL8:3570Y55XZQYTDHA6ASVLGLBOPHVGY0,0,1,1,1,10,10,6,1,10,10,10,1,1,10,10,9,10,6,1,5,9,10,6,1,1,10,10,4,1,49,female,white,nonhisp,I think it was about recognizing patterns and also recognizing when something is random. ,
A17MUS17DFQZ4P:3UWN2HHPUZK2RNFJYQGROJWK85DSNR,0,6,10,6,5,8,7,5,7,1,4,10,10,10,2,2,10,10,3,4,2,9,10,1,3,10,10,10,1,30,female,white,nonhisp,About how i am able to identify patterns on each family. ,n/a
A18G2CLYSTENK:3LQ8PUHQFM7LNDQCQGR0FXT1DVKIHY,0,6,6,8,9,10,10,8,6,6,7,10,9,10,9,6,6,9,7,8,10,10,6,6,9,9,9,10,10,28,male,white,nonhisp,,
A19F0UPKU4IT2P:3FIJLY1B6VJTQ3MA8LTKL9I0JURPF8,0,8,10,9,3,3,7,9,5,1,2,9,10,3,5,9,8,8,8,7,9,9,5,2,3,9,10,4,5,22,female,white,nonhisp,How people perceive patterns and how they react to them.,
A1A1A9UHNQCI9Y:34HJIJKLP6BWX7MHAG600XARHW34VD,1,3,1,1,10,10,3,2,3,4,4,8,8,5,2,8,8,9,5,5,10,6,9,10,9,3,2,10,6,36,female,black,nonhisp,I'm not sure. ,
A1AQQFJAF8CI4H:3ZSY5X72NYQ88TFIKGGZDYRTDGSROH,0,10,9,10,10,10,9,10,8,10,10,10,10,9,10,9,10,10,10,10,9,10,9,7,10,10,10,9,10,32,male,white,nonhisp,,
A1AWEM2XEAVOVQ:3WMINLGALCIF0NWYS0LMN882NW4AC9,1,9,9,9,5,5,8,9,9,10,10,4,3,8,10,8,2,1,10,10,2,1,8,1,1,10,10,3,1,32,female,white,nonhisp,How people learn differently.,
A1BNGJBEWJS8WE:3ERET4BTVNOJE2YHS7OKFWAQNP1K9S,1,10,1,4,7,10,8,1,10,5,6,7,6,8,5,10,10,10,2,3,8,10,10,1,1,10,10,8,1,68,female,white,NA,Not sure but really fun!! ,"Love these kind of hits. Thank you BTW can you let us know after hit is all done, did the one character keep changing?? Every time I thought I had it figured out that buzzer would ring....."
A1CUTQUSPA2DPU:34HJIJKLP6BWX7MHAG600XARGSAV42,0,10,7,5,10,9,10,3,10,1,1,10,10,10,1,10,2,4,10,8,10,3,1,10,10,1,1,10,10,41,male,white,nonhisp,No clue,None. Thank you.
A1DIGREVLNOXT3:3TYCR1GOTDY94ZYCH5UK7KPYRS6LZN,1,4,2,3,10,10,2,1,10,10,8,3,2,10,4,8,8,8,4,3,8,5,4,3,3,10,10,6,1,35,male,white,nonhisp,I'm not sure.,
A1DJBDVXF6Z1KK:3VSOLARPKCODI4QA71WLYATOC3593W,1,4,3,8,10,10,5,1,4,3,7,10,10,6,1,7,7,4,2,3,8,10,7,9,4,3,3,10,10,25,female,white,NA,Recognizing patterns,
A1EUBMQ86K32XE:33PPUNGG39KK7XTPMPRGTWYXXLSZRQ,1,5,7,8,4,6,7,8,7,9,7,3,9,7,6,4,2,8,7,7,6,9,9,2,3,9,8,5,5,55,female,white,NA,Matching,
A1FHH3XEFEQYV7:3I33IC7ZWGH2254WV7WGBVZGC7SA26,1,10,6,10,10,10,8,1,9,3,9,10,10,8,1,3,9,9,1,3,8,3,6,9,7,1,3,8,3,43,male,white,nonhisp,no idea,
A1FYTTGF0QACU9:3BGYGHDBBYZDX29SIS315DGI0JR22I,1,6,5,7,6,8,8,5,9,4,5,7,8,8,5,9,2,4,9,9,4,2,8,9,9,3,3,8,8,59,female,white,nonhisp,learning patterns,
A1G2XYC7T6HE2H:30IQTZXKALL7289BRUKGCFHZFS3X0U,0,10,1,10,10,10,10,10,1,10,4,3,5,5,1,1,10,4,3,5,5,1,1,10,4,3,5,5,1,29,female,mult,nonhisp,Learning how to categorize monsters ,
A1GB9IFYY2P7DR:3U84XHCDIDSD6RRRBDV3L3NN43JZ49,0,9,10,10,3,5,9,7,9,1,1,10,10,9,1,9,5,4,10,10,9,7,9,8,7,5,7,9,3,27,female,white,nonhisp,Memorizing ,
A1IFIK8J49WBER:31LVTDXBL8P028CL7O07LHNZIBLLRS,1,10,10,10,1,2,9,8,8,3,1,10,10,9,2,8,1,1,10,10,7,1,9,9,7,4,3,10,10,54,female,white,nonhisp,To determine how we pick out patterns and our memory of them,
A1K8QNLYYYX21W:3KAKFY4PGVH6T5JDBV2YB3SRVTXI3T,1,8,10,4,6,8,1,7,10,6,8,8,1,1,4,8,2,6,10,9,1,1,6,3,10,3,3,1,6,27,male,white,nonhisp,no idea,loved it!
A1L3937MY09J3I:3OS46CRSLGEACUQVT4ZFXVU5CJGV6N,0,10,10,6,3,5,4,6,3,3,6,8,5,4,6,3,3,6,8,5,4,6,3,3,6,8,5,4,6,34,male,white,nonhisp,Learning patterns.,
A1LRJ4U04532TM:3HMVI3QICK7W92K3S9AI9Y7INS8Y1E,1,10,1,9,9,10,10,4,10,1,9,10,10,10,3,6,10,3,4,9,10,9,5,10,3,2,3,10,8,42,female,white,nonhisp,,
A1LRVMS6IUA63:3JWH6J9I9TS3A1YHN4UWYUMK5JCBNZ,0,10,10,10,1,2,6,2,6,10,1,2,3,1,5,8,3,1,10,9,1,3,6,8,1,2,5,3,7,45,female,white,nonhisp,I'm not sure.,It was fun. I just wish I could have figured out more! 
A1M7SLIGEI3IH5:3ZQIG0FLQFV86951KMCJVPTI1O2VWO,1,4,10,6,2,2,4,4,10,1,10,10,10,1,1,8,10,3,1,1,1,5,9,7,7,5,4,1,1,51,male,black,nonhisp,I have no idea what  this experiment was about,none
A1MQ9B05ZMM4YI:3TMSXRD2X7FSKXP3D8SUO1M2BHMW1K,0,10,5,10,6,10,10,10,10,1,7,10,10,10,2,6,10,1,1,10,10,10,5,10,1,1,10,10,10,38,female,white,nonhisp,,
A1NKVN6J7HNCOT:39DD6S19JQQVYTOK0J7GUPZEHSMZEO,1,8,3,5,9,10,10,1,9,10,9,1,1,10,8,1,1,1,10,10,3,1,2,10,4,1,3,10,8,50,female,white,nonhisp,I'm not at all sure.,"It was fun, thanks"
A1NVJB5O4H7ZCJ:3IGI0VL648ZNTVNQR9ZI4EMJBGNNO2,1,9,2,2,9,9,1,4,2,8,8,2,4,2,8,3,10,10,2,2,3,10,10,1,1,10,10,2,2,53,female,white,NA,if you could remember what kind of food someone wanted by their shape,
A1OBB3PWYWK9KK:3Z3ZLGNNSJ9JA37WO377K5JDM4RQ3J,0,3,2,3,3,10,7,2,2,8,2,2,9,9,2,7,4,7,4,9,8,9,9,9,9,8,8,9,10,25,female,white,nonhisp,I think it was about how people learn.,
A1P6OXEJ86HQRM:3OVR4I9USQY4SZQ0OHCQUABJZ0AQ4I,1,3,1,1,10,10,9,1,10,10,10,1,1,7,2,8,7,8,2,2,3,3,9,8,6,3,3,2,3,34,male,white,nonhisp,not sure,
A1PUHCEBSOWETV:3DR23U6WE6TZCHFLURIY81YXXZHTEQ,1,8,6,5,9,3,10,9,10,10,6,8,9,8,1,4,1,2,7,10,2,1,4,5,2,7,8,3,6,20,male,white,nonhisp,To see how people are able to group stuff.,
A1QP4NP83WGF17:3M23Y66PO3MUK29RZ9UAM8AYEI1S61,0,1,1,1,6,10,7,1,10,8,10,10,10,7,1,7,8,7,6,1,7,1,1,10,7,6,1,7,1,21,female,white,nonhisp,No idea,No comments
A1QVLNM0795FRM:3907X2AHF1K9P9AYKQED1QOBAQT2P8,0,3,10,10,3,1,9,6,10,1,5,10,10,6,1,10,1,1,10,10,5,1,8,8,8,5,10,8,6,33,male,white,nonhisp,I identifying likenesses in groups ,
A1RDQFNF6LD25Z:36WLNQG780PZGVL4U5RD87SBRRTBES,0,7,6,6,8,8,9,8,7,2,2,10,10,9,1,7,2,2,10,10,9,1,7,10,10,1,2,9,4,28,female,white,nonhisp,seeing how people learn things,
A1RTLF0OVZI4QT:3UWN2HHPUZK2RNFJYQGROJWK85QNSZ,1,6,2,2,10,10,6,6,10,10,10,1,10,7,10,6,2,3,10,10,6,6,6,3,7,10,10,10,6,33,male,white,nonhisp,Learning rules and patterns.,
A1SRF7085UM3HI:3JAOYWH7VJJUY8GZD70LUWN5CO69LI,0,8,7,6,4,7,10,7,8,10,8,1,4,10,5,8,3,2,9,10,7,1,8,1,1,10,10,5,1,42,male,white,nonhisp,I thought it was about looking at how different people went about determining the food preferences.,
A1TMZLYXQAK8Q0:3IQ1VMJRYUZD2PPVGGBVLI7UHB1A9S,1,8,8,6,7,7,7,6,9,9,9,3,3,4,7,6,5,4,8,9,7,5,6,4,3,9,9,8,4,41,male,white,nonhisp,"I am not sure, I am guessing that the last family had not rules? and you were seeing how hard we tried to see if there was one?",thank you
A1U7O93JY3WFMU:3KYQYYSHYWME7JWD2FLF89APXCPODP,0,6,2,3,10,10,4,1,8,9,8,5,8,8,7,9,10,10,3,3,10,3,6,3,4,8,9,6,2,44,female,white,nonhisp,to see if people are more interested in things that they can not figure out.,
A1UCB0D27PY623:32SVAV9L3GORNN0FZ7ALU548ILK3A2,1,10,10,10,8,8,10,7,3,1,1,10,10,4,1,10,10,10,1,1,10,5,1,1,1,10,10,1,1,32,male,white,nonhisp,How much I can be frustrated by a monster whose food choices appear to be whatever I did not click.,
A1V2H0UF94ATWY:39JEC7537VGZSBZW3VCIJVMF856VCU,0,1,1,2,10,10,3,2,1,2,4,10,10,8,2,9,10,7,2,5,8,10,8,9,10,9,9,8,8,59,male,white,NA,Research on how people learn.,
A1V6CSBT0WW2OF:3VBEN272MLEWHVYXBM3WYZNN8VUGSF,1,3,2,2,10,10,2,3,6,3,5,8,9,9,3,4,5,7,8,9,7,4,9,10,9,2,1,9,8,44,female,white,nonhisp,I have not idea.,That was fun! Thank you!
A1VPE05UDNFKGV:3VNL7UK1XGYRIVFHP224QJJX8X5FTW,0,9,10,9,6,4,7,8,7,7,7,8,7,9,8,2,2,3,9,10,4,2,3,2,3,9,10,4,2,56,male,white,nonhisp,learning rules,
A1VW8Y7XCV3DRW:378XPAWRUDS6DQIYKAH8YB6X00CIA5,1,7,7,9,6,9,8,7,3,9,8,3,2,8,9,5,10,8,3,2,8,10,10,2,4,9,10,8,2,37,female,white,nonhisp,To see if I could determine the patterns,
A1WYDO7PQJ8UG:3Q8GYXHFEQHIUHKHX4U5FXSGVI3C55,0,10,1,9,9,10,3,2,2,10,1,2,2,9,4,10,1,8,10,10,5,1,8,5,6,7,7,3,5,27,female,black,nonhisp,I guess it was to see if we would keep trying on the impossible one or just refine our learning on the other three.,It was a good experiment. I mostly gave up on the pink family because they seemed impossible and just tried to learn the others.
A1Y0Y6U906ABT5:3FE7TXL1LJ2UPLBDK3T21VELFM1Q29,0,1,1,2,10,10,8,1,10,10,10,1,2,10,10,1,1,3,10,10,8,1,1,6,5,10,10,9,1,37,female,black,nonhisp,Picking up on clues.,
A1Y9VA9FKJLS5K:32M8BPYGAU17NHV16A9IUXH0YVNIGF,0,9,1,8,8,10,10,10,1,10,4,3,2,3,7,6,5,6,6,4,3,10,10,1,8,9,10,10,10,29,male,mult,hisp,I don't know.,
A1YILFU07P6DND:3LEP4MGT3HFUOP74YAGT2PAQRFSBDZ,1,6,2,8,10,10,2,1,6,7,5,9,9,9,7,6,9,5,7,7,9,9,6,2,8,10,10,2,1,24,male,white,nonhisp,,
A1Z0O5MC9DAE8C:3WOKGM4L72VK8ZVJQ3XKT2Q64Q40O3,0,9,10,6,3,4,10,4,4,7,8,7,7,10,8,1,1,3,10,10,4,10,6,3,8,9,8,7,8,30,female,asian,nonhisp,"How well we can learn the pattern, even if some were random.",
A1Z6F664MYBMVI:3EFE17QCRDKAHRT8VSLEJZZOMT2SHG,1,10,10,8,1,1,10,7,10,10,8,1,1,10,7,8,7,8,1,1,10,10,4,1,1,7,10,10,10,48,female,white,nonhisp,Testing your memory,
A1ZZ7YO3YASNIP:32SCWG5HIIJX7ATZ7SQGR35NQVZ6PX,1,6,1,1,10,10,3,1,6,3,4,8,9,3,3,8,7,7,4,4,8,3,8,9,9,2,2,7,3,25,female,white,nonhisp,Learning,N/A
A20X14OMRL0YPZ:308Q0PEVB9SS878TS4382GVDVLXI90,1,6,1,1,10,10,7,5,6,5,4,6,10,8,10,7,8,8,1,10,9,10,9,10,8,1,6,8,10,25,female,white,nonhisp,Bias about where we look and how we piece together feedback.,
A21H2UDDHN8ZF:3RANCT1ZVGWG5RIQK56ICPEEDHAUBJ,0,8,8,10,7,10,10,1,1,1,1,10,10,1,1,1,10,10,1,1,10,1,1,1,1,10,10,7,1,33,female,black,nonhisp,If not getting a category correct would let me be less interested in that species.,
A21M2USASL1O05:3ZQIG0FLQFV86951KMCJVPTI1O2VWO,1,3,8,3,4,7,5,8,8,5,7,5,7,7,8,10,2,10,10,10,10,7,2,10,1,1,5,2,8,30,male,white,nonhisp,perception of identifying patterns ,Thank you! It was fun 
A21SIPO89DP66I:3I0BTBYZAY0W2DZLWQ6IVTO8I02Y0B,0,6,7,3,5,7,10,2,6,10,7,1,1,10,1,7,10,5,2,5,10,1,5,1,1,10,10,3,1,35,male,white,nonhisp,"I don't know.  maybe to see if there was no rule within a certain family, how hard would I try to learn that non-existent rule.",none
A222XREQ12K58P:3NXNZ5RS1BCVJNRX9DZBBR54H4479A,0,1,1,1,10,10,4,1,1,1,6,10,10,10,1,4,5,6,10,10,10,2,8,10,10,1,3,10,8,29,male,white,nonhisp,"I suppose it was meant to test people's observational skills, but also I think it was meant to see how much effort they would invest in trying to solve something they couldn't figure out.",
A2389DERMNF3ZB:3QY7M81QH81F0JAODAQ010JKSZDK7G,1,2,10,10,2,2,9,2,10,4,3,8,8,8,7,4,8,8,4,5,10,6,9,1,3,10,10,8,6,39,female,white,nonhisp,Decision making based on feedback,
A23KAJRDVCVGOE:3ZQIG0FLQFV86951KMCJVPTI1OQWVD,1,2,1,1,8,10,3,1,10,4,7,10,10,10,2,10,4,2,10,10,3,2,3,10,10,3,1,6,8,38,male,asian,nonhisp,no idea,
A248TO3PTV0K5P:3QY5DC2MXSZ6I8U6P7SEVF5ZRBCFUN,0,6,5,6,6,10,7,10,8,7,8,7,10,7,10,8,9,8,8,10,7,10,8,9,9,8,10,7,10,33,female,mult,hisp,perception ,nice survey 
A250FES5PFCGK9:3MYYFCXHJ4MDFAWMLL7E0W7HUF64GB,0,3,2,2,9,9,6,2,9,9,8,2,4,9,4,8,7,8,4,5,9,7,8,5,4,7,7,9,7,35,male,white,nonhisp,Analyzing differences ,
A258MR1IS96JEP:31QTRG6Q2USZQU35DBL8AUPGP58PYW,0,4,4,3,6,7,1,8,1,8,2,2,6,1,8,1,10,1,1,3,1,4,10,1,10,10,10,1,1,33,male,white,nonhisp,dk,
A25CAT0W9W97Z8:3Y54SXRO1M0G1DC7KRX3CJK0IKRUTH,0,4,3,3,9,10,3,1,7,2,5,9,10,8,1,10,10,9,1,2,8,2,3,1,1,10,10,8,1,30,male,asian,NA,how people learn rules,
A2653BIPJKEMRK:3LRKMWOKB6W33DC47ZCFSOQPKQY2ZT,0,10,7,5,5,6,10,5,10,10,10,1,1,10,8,10,5,3,10,10,10,2,10,5,6,10,10,10,2,34,female,white,nonhisp,Not sure,The pink rabbit had no distinction that I could tell and it was very challenging Good Work
A26M2EYRTI3QPP:351SEKWQS1WQ7GB1PZ62G5LK2CRDMG,0,2,7,5,8,10,10,2,7,7,7,8,10,3,2,8,10,8,1,2,10,10,1,1,3,10,10,3,1,39,NA,white,nonhisp,I do not know,
A26RO8GGTQAXGG:3Z4AIRP3C7S79XUTNDOGQK09KJL1XB,0,9,1,2,10,10,3,1,3,9,10,2,4,7,5,3,8,8,2,5,3,2,10,3,2,10,10,3,1,53,female,white,nonhisp,learning rules,
A28FW73RBVGYZ9:3CP1TO84PUG5WZSF0B5Z3KJUKU5258,0,6,9,8,8,7,9,7,7,8,8,8,7,9,7,6,8,8,8,4,10,7,6,8,8,8,8,9,7,31,male,white,nonhisp,I am not sure,
A28SYXQL3YOKVL:3LJ7UR74RISJP2D88PK9QGGEUPL4N7,1,6,2,1,10,10,2,1,4,2,2,7,10,3,1,5,6,3,5,6,7,7,8,10,10,3,1,10,6,32,male,white,nonhisp,"recognizing patterns, but also non-patterns?",
A2AWBDW9V1E9KT:34J10VATJGDY06PF96EUOBL24IGQI2,0,6,2,9,10,10,7,1,6,10,3,1,5,7,5,6,6,3,6,8,7,5,6,2,3,9,10,3,1,35,male,white,nonhisp,I don't know,
A2AWE6TNM98YSR:3TGOYF991Y1V1QRWKWNDHF621YYUU8,1,6,10,2,6,8,7,3,6,3,2,5,10,9,1,3,7,2,3,9,1,7,3,1,10,10,10,1,1,33,male,black,nonhisp,How fast people learned rules to situations with visual clues,
A2BNOEYZ3VRW2R:38F5OAUN5OROYT9G7PN3O83S0H97HX,1,1,10,10,2,1,10,1,1,10,10,2,1,10,1,10,1,1,10,10,10,1,10,1,1,10,10,10,1,65,female,white,nonhisp,not sure,
A2BW6WD7LZ9EGV:33IZTU6J82G73HTN0W30MLNIAJLSX9,0,6,2,2,10,10,3,1,5,1,1,10,10,3,1,9,8,9,3,6,3,10,8,10,10,1,2,3,10,26,male,white,nonhisp,I don't know,
A2C2WXXKJOLCZ2:3ZY8KE4ISKI3MC9F8DDD30BWCKSVQK,1,6,3,4,9,10,9,5,8,9,7,3,7,9,9,9,10,8,3,6,10,10,6,2,2,8,10,7,7,22,female,white,hisp,How well you could define differences in groups,
A2C7VUFGB8WGCG:39N5ACM9HF2KPTVX5ZTSBDWPHZ59PG,0,8,1,2,10,10,2,1,8,10,10,1,2,2,1,8,10,10,3,4,2,1,8,1,1,10,10,2,1,30,male,white,nonhisp,how people learn about behavior,
A2DRV5CGGW5HTK:3L0KT67Y8FVW3MJX5SP25ZURDSCYSP,1,9,7,8,9,9,8,9,8,8,9,8,9,8,9,7,8,9,9,8,6,9,5,6,8,9,9,6,9,25,female,white,nonhisp,Learning patterns,
A2EEL9YYUHL5SK:3TUI152ZZC2N00TH1ZTOWC4GOI81QT,1,1,5,7,7,9,9,6,9,5,7,7,9,3,6,1,9,5,1,5,7,10,6,3,6,9,9,3,4,39,female,black,nonhisp,memory retention,
A2EI075XZT9Y2S:3VNL7UK1XGYRIVFHP224QJJX8X3FTU,1,4,4,2,9,10,10,2,4,1,2,10,10,10,2,1,1,2,10,10,10,2,9,10,10,3,3,10,4,40,male,white,nonhisp,learning,
A2EOOF9D135HQ1:3WSELTNVR4HWM4Y9EMGCCI86CKNTAZ,1,10,10,10,2,4,10,10,5,2,2,10,10,5,3,5,2,2,10,10,5,2,5,1,2,10,10,5,1,41,male,white,NA,I honestly have no idea,None
A2F9V69F6TZIAB:3NS0A6KXC5NTI7KB6EX4USKQVBMGZE,0,1,10,8,1,2,10,2,10,1,3,10,10,5,6,9,4,4,8,9,9,7,10,4,6,9,8,8,8,30,female,black,nonhisp,not sure,
A2FE6HDHREXIJ5:3PM8NZGV8ZVVQ1EA8SEVRL8HSV9XQY,0,10,1,1,10,10,10,10,10,10,10,3,1,5,1,10,5,4,9,9,10,10,10,1,3,10,10,10,10,34,female,white,hisp,I think it was testing to see if I could figure out if there was a preference rule or not. I couldn't find a rule on one of them.,
A2GG7HIO2OIXUR:3TK8OJTYM20IM08080YO3VLM7O6VPT,1,5,10,9,1,2,10,3,3,7,7,8,6,10,7,9,1,7,10,10,1,5,10,1,7,10,10,1,4,27,female,white,nonhisp,Learning patterns,
A2I4A4WGWII18Z:3U5JL4WY5LOO1WRCAV7IOI7CW4W4XU,1,9,8,8,5,7,10,10,9,10,10,1,5,10,10,4,1,1,10,10,3,2,4,1,1,10,10,3,2,40,female,white,nonhisp,Trying to check for memory and learning.,
A2IQ0QCTQ3KWLT:3NLZY2D53Q40Q7XLU9B7GRDUMPJLQR,0,9,2,9,9,9,9,3,8,10,3,6,3,8,10,7,8,7,7,2,8,8,9,2,9,9,9,9,4,46,female,white,nonhisp,to see if I could spot the diferences,
A2LU259QPV1I4V:35GMH2SV3FWJZPADYAWZERSAYRPEOE,0,5,1,4,10,10,10,1,8,10,7,1,3,10,10,10,10,10,6,1,10,6,1,1,1,10,10,1,1,28,male,white,hisp,How fast people learn through trial and error.,Great experiment!
A2NT3OQZUUZPEO:3PWWM24LHTDOJHBHY9C2F4TLMJN28P,0,10,10,7,1,6,10,8,9,9,7,9,10,10,6,6,6,6,10,10,10,3,1,1,3,10,10,6,1,44,female,white,hisp,"Not sure, perhaps a test of the ability to recognize rules and their patterns.",
A2O7H7VXLFN6BP:3JW0YLFXRUVLLY56AWHFHRCW8WXWWQ,0,9,1,3,10,10,2,1,2,10,10,1,3,9,1,9,3,4,10,10,1,1,8,10,10,1,5,9,10,23,male,white,nonhisp,I'm not sure.,
A2OWVYIPSQB0QP:3U8YCDAGXQVNTB8Z5GPOI7L6IOHQ0P,0,10,10,10,1,1,10,10,1,1,1,10,10,1,1,1,3,3,10,10,3,1,10,10,10,4,5,10,10,30,female,white,nonhisp,I'm not sure.,
A2R2HMURPYBWWC:3ZV9H2YQQEMOU03I0C6DCU1Z91ZW3B,0,10,6,9,10,8,6,7,5,4,4,5,7,6,5,5,6,3,6,5,5,4,7,4,2,7,5,8,6,30,female,white,nonhisp,Which monsters preferred which food.,None thank you!
A2RBF3IIJP15IH:31QNSG6A5S8V5I8N4LTXBVATXYM78L,0,10,2,9,9,10,2,2,4,10,4,6,6,6,8,3,9,3,3,5,8,8,9,2,8,10,10,3,2,32,male,asian,nonhisp,To see if people could spot patterns,
A2REJHHCX9OHFI:3180JW2OT5R52VQN7WBR215BM4VJ5E,1,7,6,4,6,5,6,10,9,10,6,3,3,10,10,4,2,8,10,10,6,1,4,2,7,10,10,6,1,34,female,black,nonhisp,To see if I could recognize patterns.,This was fun.
A2RRC5B4M80XXO:3UJ1CZ6IZI4Y1Y9DUQK5U2WYINQS5L,1,4,10,1,1,3,10,4,1,10,3,4,6,10,3,10,1,10,10,10,10,10,10,5,7,8,10,10,10,44,male,white,nonhisp,not sure,
A2RTJ6BDY0DZVZ:3HWRJOOET6HYXH265RD8YW2BVGFSEC,1,10,7,4,10,10,5,1,6,8,9,5,5,9,9,1,10,10,1,1,9,10,10,4,3,10,10,5,1,52,female,white,nonhisp,no idea,that yellow family was a tough one! tried so many different combinations and was stuck.
A2RVEG53L48BAE:3TDXMTX3CC95QO6VUX0WI64B5KU6II,0,4,5,5,10,10,10,2,9,10,10,2,1,10,2,8,8,8,5,6,10,4,2,1,1,10,10,10,1,37,male,white,nonhisp,pattern recognition,none
A2SWQM5X54P1O5:3LJ7UR74RISJP2D88PK9QGGEUQ9N4G,0,3,2,2,9,10,8,1,3,2,2,9,10,8,1,10,9,10,3,3,8,10,9,9,9,3,3,10,10,30,female,asian,nonhisp,I think this is about how people categorize things,I do not have anything else to add
A2UO3QJZNC2VOE:37M28K1J0RS281242S28ACLXEHJJA5,1,6,7,5,6,9,7,8,6,10,9,2,1,4,1,4,3,4,4,4,3,9,3,3,3,5,8,2,9,32,male,white,nonhisp,not sure,it was fun
A2USG1JP96FTV:3QXNC7EIPJAH1CRDOEE2WCVH9RV092,1,9,10,9,5,1,10,10,7,3,4,9,10,10,1,9,7,9,4,1,10,10,7,2,4,9,10,10,1,64,male,white,nonhisp,Trying to find the rule.,no comments
A2V27A9GZA1NR2:3MD9PLUKKJTZSZ1XTIAZKCTNWNSZNP,0,7,4,9,9,8,1,2,8,10,5,3,8,7,9,8,9,5,4,8,1,9,9,7,5,5,8,1,5,35,male,white,nonhisp,Really dont know...,ty
A2VBSFSJXLZZ7A:36U2A8VAG2EYF36P0JG0ED3HWYXYK6,0,3,1,2,10,10,3,1,3,6,3,9,10,3,1,3,3,5,8,10,10,1,10,10,8,2,1,10,6,34,male,white,nonhisp,How people find rules for a certain outcome.,
A2VRDE2FHCBMF8:3E13VNJ1NOAAJ25YOROFNADUW681I2,1,3,1,10,10,10,10,2,3,1,3,8,10,10,4,6,7,1,1,5,10,10,9,10,1,1,5,10,10,38,male,white,NA,Correlations and I don't know what else :(,"It has been interesting, thank you!"
A2WH3GIS2KF8LU:3FDJT1UU75N0DFW5PHB33G5O1TI5KM,0,8,1,1,5,10,2,1,8,2,2,5,10,4,1,8,10,10,2,4,10,3,8,7,5,10,10,8,1,32,male,mult,nonhisp,Learning and adaption when presented with choices.,
A2WT6FV92737W6:3PH3VY7DJMCPFTABLJ1MGV6EOXGWZS,0,7,7,6,7,7,10,6,2,2,2,9,10,10,3,3,1,2,9,10,10,3,10,10,10,4,3,10,10,44,male,white,nonhisp,To see if I can figure out which types of food each monster likes based on how the monsters look.,This was fun. Thank you.
A2YTO4EY3MNYAJ:31QTRG6Q2USZQU35DBL8AUPGP5KPY8,0,10,1,3,10,1,9,10,1,10,10,1,10,9,1,5,10,10,1,10,9,1,10,1,3,10,1,4,10,43,female,white,hisp,I'm not really sure anymore,everything ran smoothly
A2ZR3PL5I0KPQ6:3U4J9857OFQE7G6U7XD72X0U5527BH,0,9,1,1,10,10,10,1,5,7,8,6,2,6,10,8,3,4,9,9,5,3,6,5,7,8,7,7,10,38,female,white,nonhisp,How individuals learn ,
A2ZRF4I5RTKN7G:384PI804XTGZ6RNCXKETD7070D1S0H,0,5,3,3,8,8,8,6,4,4,1,3,3,5,7,2,1,1,10,10,3,3,10,10,10,1,1,10,7,39,female,white,nonhisp,I don't know,That one with the squiggly legs - I could not figure that one out for the life of me.
A2ZV96GRXVSXK4:3BDCF01OGY99Z9O7LJS1TDGWKVQYLQ,1,1,7,6,2,5,10,7,5,6,8,8,10,10,5,7,1,5,9,10,10,5,1,10,6,2,1,10,6,29,female,white,nonhisp,noticing patterns ,
A31JJT3IP69MZ3:3W92K5RLWVWETQQHOLPA5PG5GO5V57,1,3,10,5,2,1,9,3,10,8,10,9,9,8,4,9,7,6,8,7,5,4,5,1,6,10,10,8,1,25,male,white,nonhisp,I have no clue.,
A33LYSCQQU1YDJ:3WYGZ5XF3XU1JHUG1DOBWRFGEALSKZ,1,6,1,1,10,10,2,1,10,9,10,4,2,9,9,10,10,10,2,1,10,9,8,2,2,10,10,2,1,42,female,white,nonhisp,if a person cold tell when spending more time learning something would not benefit them.,
A3424ZUN4F0OII:3KYQYYSHYWME7JWD2FLF89APXCPODP,1,1,1,2,10,10,10,1,1,1,2,10,10,3,1,10,10,10,1,1,6,3,3,6,4,6,6,10,7,19,male,white,nonhisp,I have no idea,
A347XXV5JH19PB:3MH9DQ757XRCW8Q10RYWD05BSQMUGB,1,10,10,10,1,1,10,5,10,7,4,5,5,8,10,10,1,1,10,10,10,1,9,1,2,10,10,8,1,38,female,white,nonhisp,I HAVE NO IDEA,"NONE, THANK YOU"
A34930YXVQ8SUT:3NS0A6KXC5NTI7KB6EX4USKQVAAGZ0,1,6,2,2,10,10,10,1,9,6,5,7,10,10,1,9,10,8,3,2,10,5,6,2,2,10,10,10,1,37,male,white,nonhisp,I don't know.,
A34D413HR7ZIFM:3M68NM076IMIJN9EKKU5WY52RDN6RP,1,8,1,7,10,10,7,10,7,8,8,4,3,7,7,4,8,8,4,3,9,6,6,1,6,10,10,7,10,35,female,white,nonhisp,learning,n/a
A351P2O6QGTCS:3ZPPDN2SLWBGS267WLDHH1XL3R89EY,1,10,1,10,10,10,10,10,10,10,6,5,1,10,1,1,10,5,1,1,10,1,10,1,10,10,10,10,10,51,female,white,nonhisp,Not sure,
A363K42LE9BAT5:3Q5C1WP23NGY7EAJH75LY19PSNW15T,0,10,10,10,2,1,10,10,4,4,6,7,8,5,6,1,1,1,10,10,5,3,1,1,1,10,10,6,1,20,female,black,hisp,recognizing different species and their preferences,
A36E1O48KQ6OP0:3EJPLAJKENVRLEV5U1OII1710UPZ6U,1,3,10,2,3,2,10,10,7,9,3,8,1,8,10,1,10,2,7,2,10,10,8,2,1,10,10,5,1,31,female,black,nonhisp,not sure,n/a
A39SX1QZR36L7A:3UXUOQ9OKFC9O6121JDB7MGONMM7AP,0,4,7,3,8,10,4,1,5,5,10,2,1,2,2,8,10,7,9,10,3,1,8,8,9,9,10,2,1,23,female,white,nonhisp,It was tough to learn everything about them,
A3A6AK4E156TVE:3OF2M9AATH3YKTGUW5IJSKCJ2SBKZT,0,10,10,10,1,2,10,10,4,4,6,9,10,10,3,8,7,4,6,7,9,7,3,1,1,10,10,9,4,58,female,white,nonhisp,Using differences to find categories?,I couldn't get any idea about the blue bears!
A3AY0315YWWNXY:3K5TEWLKGWQQ5ELWV584UYKAMDHVIU,0,10,1,6,6,10,5,1,6,6,6,6,6,5,10,6,10,6,6,6,5,10,6,10,6,6,6,5,10,27,male,white,nonhisp,I am not sure of the purpose of this experiment.,"Nothing to add, thank you."
A3B7TNVOISSZ2O:3ZOTGHDK5JQK98FVZ5G438WPZIBOS2,1,5,3,2,8,10,9,7,6,3,2,7,10,9,7,5,3,2,8,10,9,7,10,10,10,1,3,9,1,37,male,white,nonhisp,Rules,
A3CMRD0ZMKYWJS:3K9FOBBF2IYFNAKTEHJQCXIPHE0LN8,1,6,10,10,2,6,10,9,6,1,3,10,10,10,2,6,6,2,9,9,7,8,6,1,2,10,10,3,1,50,female,white,nonhisp,Speed of learning patterns/rules maybe?,
A3DFJV1RD653DQ:3B1NLC6UG0BZ43I5J5Z23UICK9RPG7,1,6,1,6,10,10,9,1,10,9,9,2,1,8,8,3,5,8,7,8,9,6,2,6,8,6,3,8,6,31,male,black,nonhisp,not sure,
A3E3OELJKHW58C:3J88R45B2HDAQPDV8FZ6RGI7NZEXPY,0,5,1,10,10,10,5,5,1,10,3,1,2,10,5,5,1,8,10,10,6,5,1,10,3,1,2,10,5,42,female,white,nonhisp,I'm not sure.,n/a
A3EWTW55UCNAHG:37TD41K0AIOJ0JIS907D8828A42SCJ,0,10,10,7,1,3,10,1,10,10,5,1,2,10,1,7,7,6,1,7,8,1,1,1,5,10,10,1,1,24,male,white,nonhisp,To see how people can learn patterns based on observation.,"I swear to god I couldn't for the life of me figure out what blue platypus bear duck thing, and pink rabbit monster liked, it just seemed random. When I though I had a pattern down, they knew how to throw me off my game and leave me flustered. "
A3F128VOB46KDM:3QY5DC2MXSZ6I8U6P7SEVF5ZRBCFUN,1,7,5,5,8,10,5,10,8,8,4,7,9,10,10,10,10,7,5,8,9,10,5,1,10,10,10,7,5,64,female,black,nonhisp,observation,
A3FHFGC3V9B3OJ:3IHR8NYAM8GJSNPLO4X1U5L9U4J4P0,0,10,10,10,3,3,10,3,1,1,1,10,10,5,1,1,1,1,10,10,1,1,10,10,10,1,1,10,1,27,female,white,nonhisp,Noticing details and interest in finding and learning patterns.,
A3G2NVZWJQH4YH:3VNXK88KKDXXUDSTRB2RH5L73M99V2,0,9,4,3,9,9,10,3,8,5,3,4,10,5,3,3,10,3,1,1,5,1,10,2,10,10,10,5,3,71,female,white,nonhisp,Learning patterns,Thank you.
A3GEL5PWFIK05S:3V5Q80FXIY62IK5BMSH6ONLA6XR23T,0,1,1,1,10,10,7,1,8,8,4,4,7,3,6,10,10,8,2,2,9,3,10,7,8,3,7,10,7,28,female,white,nonhisp,"I have no idea, probably studying how people learn things.","this was fun, but also really weird."
A3HE8VNBXD2BR0:3A7Y0R2P2P3E4EAXD2UMUKWVE1LXJD,0,2,1,2,9,10,2,1,4,4,5,7,7,6,4,6,4,6,8,8,10,3,8,10,10,6,5,7,10,27,male,other,hisp,Pattern recognition,
A3HQXCWOIQKT4F:3QL2OFSM97XMK6QN14QR9ES2N4UNC0,0,10,10,9,7,5,10,10,5,2,3,10,10,5,1,5,2,3,10,10,6,1,10,9,9,7,6,10,10,28,male,white,nonhisp,How we perceive and evaluate traits of monsters and how we learn them over time.,
A3HV22CJSBWOKJ:3RJSC4XJ119Y0PP1LO1LKWQFMT6505,0,10,10,9,3,1,8,6,7,5,4,9,10,6,1,2,1,1,6,10,4,1,7,6,6,10,10,5,1,35,female,white,nonhisp,To see our ability to determine patterns.,
A3HXHSLYQT8GWC:32VNZTT0A8J440501W1QZ0LOVM74RS,1,10,1,9,10,10,10,10,8,10,10,6,1,10,10,8,10,10,5,1,10,10,10,3,9,10,10,10,10,29,female,white,nonhisp,No clue.,
A3J0IAI8AJBGKX:3HFNH7HEMITK4FJKJIER3Z8MQ79GQQ,1,1,1,2,9,9,7,2,1,1,1,10,10,4,1,10,7,9,3,3,8,8,10,10,7,4,3,7,10,59,male,white,nonhisp,Learning categories,fun thanks
A3JTDNRJYVCGQD:3R08VXYT7DA6VJ452O93PBDFF6XW7Z,1,9,8,9,7,7,10,8,10,10,10,3,4,7,10,7,1,1,10,10,5,1,7,1,1,10,10,7,1,28,female,white,nonhisp,I think it was about how quickly people can learn about the rules in determining which food a monster family likes to eat.,
A3L0DCUXI7X3A9:37W3JXSD67NPA306PXZ32OXCI3CWY1,1,3,2,5,9,9,2,4,4,7,6,8,8,8,4,8,10,10,2,1,10,8,5,3,5,8,8,2,3,44,male,white,nonhisp,To understand rules of categorization.,no problems
A3L2UB07EZJAMD:3X31TUMD7Y1C93D49ULSFQ5MDA21LG,1,10,10,10,1,5,10,10,10,1,2,9,10,10,2,10,1,3,10,10,10,1,10,4,6,8,10,10,1,48,male,white,nonhisp,Learning and memorization capability for different categories and characteristics of things.,Thank you.
A3MMOZDMBZ8K42:3AAPLD8UCDWBWR6NKSQ4T4VAOCZTHP,0,6,5,8,8,10,6,10,5,1,1,10,10,6,6,8,8,10,2,4,10,7,10,10,9,4,4,6,7,40,female,white,NA,Learning patterns,Thank you!
A3MYTEE8WSEQ2Z:3GD6L00D3TCWFLVP96M7F3KBEIJM11,1,2,10,10,3,3,8,3,7,7,7,8,9,4,9,6,7,7,6,5,8,6,9,2,2,10,10,10,10,23,male,mult,hisp,something to do with categorization,
A3N0QZ9ZKUCTCQ:3KXIR214I5VN0GOFM6MPYSDGKW224R,1,8,7,4,6,5,8,4,5,3,2,10,10,6,1,3,10,10,3,2,2,6,6,4,3,8,8,5,3,28,male,white,nonhisp,Perception of category learning based on how difficult it's to learn how to distinguish a group using common specifications and the time willing to commit toward learning a category depending on the difficulty involve.,
A3N8JP3QR3VPE8:3ITXP059PXY68XOYJSOZVCF30OGJST,0,9,8,9,7,10,8,7,6,9,8,8,7,9,8,7,6,7,5,6,7,7,9,9,8,8,8,7,6,51,female,white,nonhisp,learning rules,
A3P5WIW36V70AI:36U2A8VAG2EYF36P0JG0ED3HVVMKYA,1,6,9,1,1,2,8,7,5,6,1,2,6,7,8,8,2,2,7,10,6,10,9,1,8,9,10,1,10,43,male,white,nonhisp,honestly not sure at all,
A3PM2X0EKG7L8W:3NPFYT4IZDJ4DCKW5W9JX74FNBMGXF,1,6,1,3,10,10,3,10,6,1,1,10,10,3,10,6,1,1,10,10,3,10,10,10,10,1,1,10,1,23,male,white,NA,,
A3PO4C1WA2FQHW:31QNSG6A5S8V5I8N4LTXBVATXYM78L,1,7,10,10,1,10,4,6,6,8,10,1,10,6,4,10,1,1,10,6,9,8,10,1,1,10,9,8,9,37,female,white,nonhisp,I have nothing to say,I have nothing to say
A3QB0Z9AN62HFH:34T446B1C1TJZAYG0YOTY2WPFBZC0U,1,10,7,8,5,6,10,7,10,5,8,7,9,10,7,7,3,3,8,10,1,9,1,10,1,1,1,10,1,28,male,black,NA,patterns.,thanks!
A3RAQZNM5V6A2M:3H8DHMCCWAQVHSBY4NTM1STGD8XKDL,1,2,8,2,7,10,7,2,9,10,9,2,3,8,10,4,1,3,10,10,9,1,1,2,2,9,10,3,3,34,male,white,nonhisp,Learning and comprehension of individuals,Do those pink things even know what they want??
A3RMV9ZGFJ0HHF:3U5JL4WY5LOO1WRCAV7IOI7CX534X4,0,10,1,1,10,10,3,2,10,10,10,1,2,7,10,10,3,3,8,10,5,3,10,6,6,5,8,10,4,35,female,asian,nonhisp,Recognizing rules and patterns,
A3UTFL5JHRQCM1:3QL2OFSM97XMK6QN14QR9ES2N54CN1,0,7,5,7,6,7,9,,3,1,2,10,10,2,1,2,1,3,9,10,9,1,9,9,9,3,2,10,10,31,male,white,nonhisp,Finding patterns. ,Very interesting study. I liked it. 
A40LU73SS18IW:3K3R2QNK8CIXHY3TMLSMLJJOPF09UD,0,2,10,10,3,2,7,8,9,1,6,10,10,7,2,4,5,1,8,8,5,6,6,4,6,8,9,6,6,54,female,mult,nonhisp,Being able to find patterns?,It was a fun HIT. Thanks!
A4ZPIPBDO624H:3SBEHTYCWOI798G10GVO1XO44U6YIT,0,8,9,3,1,2,10,5,7,5,4,6,6,8,6,8,7,4,6,7,6,6,9,1,9,9,10,4,1,38,male,black,nonhisp,How people can figure out patterns.,
A58QOLDFC179Q:3Y4W8Q93L0Z9X35A3R7T314XT5IVDU,0,4,8,3,3,3,10,10,3,8,2,1,3,10,10,4,10,6,7,3,10,10,9,1,10,10,10,10,7,31,male,black,hisp,Pattern recognition,
A5EU1AQJNC7F2:3AMW0RGHOEH5EVZR69CXTER9LL4NP4,1,3,1,1,10,10,7,1,9,10,10,2,1,10,10,7,5,9,7,9,10,2,7,3,7,9,9,9,4,28,female,white,nonhisp,to see how much you can learn and infer from different families,
A5J0OW727ZCWY:30OG32W0SVQ1H4A1XVWMZ2S58HCENR,1,7,2,2,10,9,4,3,10,10,10,2,1,10,10,9,3,3,9,9,4,2,10,8,8,6,4,8,10,46,female,white,nonhisp,possibly memory,
A5JMH4GQPZB4N:3HOSI13XH03N3M5OC67ZXFYQTYJDDI,1,6,4,7,10,10,6,10,7,10,1,2,1,3,2,9,7,3,5,6,9,6,10,3,10,10,10,8,10,39,male,white,nonhisp,finding patterns,i have none
A5TI9UQEPLNWI:39ZSFO5CA9BMNAG28XJZADXRLL1JU9,0,7,7,6,6,9,8,7,6,9,8,3,5,10,6,9,2,3,9,10,7,8,7,9,10,7,5,10,4,42,male,white,nonhisp,NO IDEA,
A74PT3GRDMEZ:3P529IW9KZ03ZI7CGT0D4S9GEKWLFC,1,10,10,10,5,3,9,10,5,5,6,9,10,10,1,7,8,7,9,8,4,3,6,3,2,7,10,2,1,23,other,white,nonhisp,Discovering and remembering corresponding patterns,
A95RHRMLHT89M:3KWTYT0871IBXLENAHN4IGI3PQ3L5E,1,10,3,6,8,6,8,9,7,8,8,4,6,8,9,6,7,6,7,6,8,8,6,4,6,8,8,9,7,22,male,black,nonhisp,Categorizing and learning about the subtle differences in monsters,great work
A9O273N0X06JS:3R0T90IZ1TRGAE91E0DWJUJ5MTNCGY,0,3,2,1,9,10,2,1,6,7,3,10,8,8,2,3,2,2,9,10,8,1,6,8,9,6,1,4,1,24,male,white,nonhisp,I have no idea,thank you
AA402T4YY1S7N:39DD6S19JQQVYTOK0J7GUPZEIVFZEO,0,5,5,5,6,8,8,8,5,5,5,6,6,7,6,5,8,8,9,8,6,6,5,8,8,8,7,8,6,33,male,white,nonhisp,If I could learn the traits of the monsters' eating habits,
ABMX8XUNPR3LP:3NLZY2D53Q40Q7XLU9B7GRDUMPNLQV,1,1,10,10,1,1,9,2,10,1,3,10,10,3,1,10,2,1,10,10,9,1,5,9,7,6,4,6,8,37,female,white,nonhisp,If we could figure out the hidden rules,None
ABNIK627MHQJQ:3Z2R0DQ0JIT5SIL8BCY27EP7XLGE2T,0,10,2,4,10,10,10,4,10,10,10,4,3,10,9,10,4,6,9,9,10,7,10,7,9,7,8,10,7,24,female,white,nonhisp,To see how easily I could learn rules by being shown examples and working it out myseld,None
AC5UD8N187QD6:3ZGVPD4G6UWXNC6HQEWBTBZFK20TZZ,1,7,7,8,5,4,8,7,8,10,10,4,4,8,9,5,2,3,8,10,9,3,5,2,3,9,10,3,2,45,male,white,nonhisp,category inferences,
AC8IEBY696VJO:3PQMUDRV7SLLJ81WWY9LF9UGD8ZIIR,0,6,1,1,10,10,2,1,5,6,3,7,10,7,10,1,7,5,2,5,10,5,10,10,10,1,1,10,1,33,female,white,nonhisp,What patterns people are most receptive to,
AEI5USUUPBU2G:3UXUOQ9OKFC9O6121JDB7MGONMK7AN,0,2,1,1,10,10,2,1,9,10,10,2,3,10,7,3,7,7,8,10,10,1,2,1,1,10,10,1,1,32,female,white,nonhisp,Identifying patterns?,
AFDC9A6Z60W2Z:3IUZPWIU1PMUQYBPLIYCTGI1KNMKWB,1,8,8,8,5,5,8,8,6,4,5,8,9,6,3,6,1,3,10,10,7,1,5,1,1,10,10,6,1,45,male,white,nonhisp,not sure,
AFUX7IUQOE0NA:3UJ1CZ6IZI4Y1Y9DUQK5U2WYINI5SQ,1,3,2,1,10,10,10,1,10,10,7,2,7,7,10,4,2,3,10,10,9,1,9,9,9,4,8,5,10,34,male,white,nonhisp,Difficulty in finding differences.,
AHT8HA3JRWVGV:354P56DE9LIDO2NWIJZ2SMAU9TLS70,1,10,10,10,2,1,4,10,5,7,6,3,4,10,8,1,1,1,10,10,7,1,2,1,1,10,10,7,1,30,female,white,hisp,I have no idea.,
AHUQR5YP39J6Y:3KB8R4ZV1FMX09HV00H18ADN353BGZ,1,6,5,8,7,7,2,5,4,10,9,2,2,10,7,6,2,2,10,10,2,2,5,8,6,7,8,7,5,51,female,mult,nonhisp,figuring out patterns,
AIEKCWYZTS41V:3PZDLQMM0U0QVK1UFLS7HQP4C9IC2D,1,3,1,1,10,10,2,1,3,1,1,10,10,2,1,8,10,10,8,1,10,5,3,4,4,2,10,6,1,32,male,black,nonhisp,Something to do with memory and figuring out rules/patterns?,
AJD3JOWNVDZD1:3DL65MZB8EUIQ0DA85N8JRYT9C8ECH,1,7,9,5,5,4,9,6,2,1,6,10,10,2,1,8,10,6,1,1,10,1,2,1,5,10,10,3,1,50,female,white,nonhisp,No idea,none
AJFB5KQLNYW03:3FQ5JJ512M34342BTH7PXX5ARBAKNC,1,6,8,3,1,1,9,10,6,8,6,5,4,9,10,6,5,7,8,10,9,5,6,1,8,10,10,5,3,43,female,black,nonhisp,How well you could remember preferences.,
AJNQ2PBD07FKE:3F1567XTNXK5P5WC5C8HBIMZMVR9Q7,0,2,1,1,10,10,2,1,2,1,1,10,10,3,1,9,8,10,2,5,10,8,9,10,10,1,5,7,8,30,female,white,nonhisp,i thought it was interesting and engaging especially since two were easy and two were hard.,
AKU3Z7174B91F:31IBVUNM9TE6VNJ6UX2JR17I5ILVFS,1,4,4,4,10,10,10,1,3,1,1,10,10,7,1,6,1,1,6,10,10,4,10,10,10,1,1,10,10,33,male,black,nonhisp,Cognitive psychology.,
AKZ8SFOAI4RZN:3ON104KXQLB9CWMM0QBWMZT5O3X4WB,1,10,8,8,7,8,10,9,4,3,4,9,10,9,2,10,10,10,1,5,10,9,2,1,1,10,10,2,2,29,male,white,nonhisp,I think it was about learning patterns and which ones we choose to spend time learning based on which ones were hard or easy.,none
AL7TCWU718E5W:3FFJ6VRIL23ACDKGS8KF95UKRFZI0F,1,6,7,6,8,10,2,10,10,10,10,6,9,10,3,6,4,7,8,10,1,10,3,3,2,10,10,5,10,37,female,white,nonhisp,learning patterns in relation to how the monster's appearance changed with what food it likes,
AMYURTQIMAC8T:3E47SOBEYRBU65FW4ODZ46WL16FCIQ,0,7,10,10,9,10,10,7,10,10,10,9,8,10,9,5,10,10,9,9,10,8,10,10,8,7,10,10,9,30,female,white,not-reported,,
AN9MVFWRCF2OP:3TPWUS5F8AGC70Z1T5HE5X5TFEWWCT,1,10,3,10,10,10,8,3,7,9,8,7,6,7,9,8,5,8,9,8,6,5,4,10,2,2,3,10,10,26,male,white,nonhisp,,
ANV8C2DATCAPB:3S3AMIZX3VKDYUZACACOD9G8915CDM,1,2,2,4,10,10,10,1,10,9,9,1,4,10,7,4,3,3,10,10,6,2,6,7,6,8,9,10,3,38,female,white,nonhisp,unsure,
AO4241SMFJ95K:3XM0HYN6NLE1KPMEDA9E3RX07TCPEQ,0,8,3,1,8,10,7,10,1,10,7,3,10,10,10,5,7,4,6,10,7,10,10,1,10,10,10,7,1,32,male,white,nonhisp,Our ability to learn the subtle differences than determine what the different monsters ate.,Thank you. Let me know when you have other experiments!
AOTF48KUV9KWM:39LNWE0K4VBQSZWWQFYZYCIR73EUI3,0,6,5,4,8,10,10,1,9,10,9,1,3,10,1,4,1,2,10,10,10,1,7,8,7,8,10,10,1,31,female,white,nonhisp,Something about learning but I'm not sure,
AOVN1TVNI7HJ7:3OS46CRSLGEACUQVT4ZFXVU5DLLV6X,1,1,1,1,10,10,3,1,10,7,9,10,10,9,1,10,10,10,5,1,9,1,3,1,4,10,10,3,1,40,male,white,nonhisp,Learning patterns.,
APNTEGPF7QZQI:3M0BCWMB8WBTXV7VF5LJUDZBXTWWBM,0,5,2,2,7,10,4,2,10,10,10,9,5,10,10,6,2,3,5,10,6,3,8,6,7,8,9,8,9,59,female,white,nonhisp,memorization of characterizations,
AROEBUDI2L9G9:358010RM5F8NV9ARUR85X87PAQ8VXH,0,9,1,2,10,10,10,1,9,3,4,10,10,10,1,9,10,8,2,1,10,10,9,10,8,2,1,10,10,35,female,white,nonhisp,I do not know,no
ASTDBTVY3WP1K:35L9RVQFCPXQW4LCKXGEY0HC7QZUHA,0,8,5,8,10,9,9,6,8,10,10,3,1,5,6,7,6,1,1,4,3,9,1,2,1,1,10,2,2,42,female,white,nonhisp,unsure,
AT116456PANMW:3EF8EXOTT2A6EDP4699FZBSU9LX1JE,0,7,9,9,2,3,3,7,9,7,6,5,6,7,8,6,2,2,10,10,9,4,6,3,8,10,10,6,3,48,female,white,not-reported,Testing to see if we were able to determine which monster's characteristics align with which choices.,
ATMQRDBW7WM1Z:3RKNTXVS3NDC5JJJZLF44AWEWLOA42,0,9,9,4,9,10,4,2,7,2,4,9,10,2,3,3,8,2,3,2,7,7,8,5,9,10,10,1,1,23,male,white,nonhisp,To see how different people approach problem solving. ,
ATUY1BTU5BQDE:3HMIGG0U4MLEK24ORUJXO8UQ0VSY85,1,6,1,1,10,10,4,1,1,10,9,3,3,10,2,8,3,6,9,10,10,10,1,10,9,2,2,10,2,22,male,white,nonhisp,"If you could se patterns in the monsters,",it was fun.
AU8YVB738G6C:3QBD8R3Z22Y17NDK94KM55GJL2V4OY,1,8,8,10,5,4,9,8,8,6,7,8,8,4,7,8,3,6,8,10,5,4,6,3,4,9,10,4,5,58,female,white,NA,no clue,
AUAN582MLI96N:3RWE2M8QWIP2QEV7POX7EDQ1EGZ0NO,0,3,1,1,10,8,2,3,10,8,7,9,8,2,7,3,1,1,10,10,1,2,10,10,10,4,3,10,10,38,male,white,nonhisp,not sure,
AUY0EZC3XDJZJ:3WZ36BJEV4V15E31K0G87TSCU28TBU,1,7,4,3,10,8,9,5,8,7,9,8,8,9,8,8,10,6,2,2,9,3,7,1,3,10,10,9,2,28,female,white,nonhisp,Recognizing patterns.,
AV22FQTJNBUZT:3VNL7UK1XGYRIVFHP224QJJX90WTF8,0,9,2,9,10,10,9,9,2,8,3,1,2,8,3,3,8,5,5,4,8,3,7,1,8,8,8,8,7,36,female,white,nonhisp,Not sure.,
AVXEDARJC5HLU:3Z3ZLGNNSJ9JA37WO377K5JDL01Q3K,0,6,5,8,8,10,8,2,9,1,2,10,10,8,1,7,10,6,2,1,9,9,8,8,7,7,6,6,5,42,male,white,not-reported,I have no idea,
AWTGJ45ZWUCHH:386CSBG1O01I7MUE7555R8VXVRL6QO,0,10,6,10,10,10,10,10,10,6,10,10,10,10,10,10,6,10,10,10,10,10,10,6,10,10,10,10,10,25,female,black,hisp,to see how well we could remember,
AYPOAY43REHC8:36PW28KO40BUXLGCORRHDW8599NEAF,0,10,10,10,10,10,10,10,10,10,10,10,10,10,10,10,10,10,10,10,10,10,10,10,10,10,10,10,10,50,female,black,nonhisp,,
AYSG3J2U3UF1Y:3PMBY0YE28I1V4MT0U7MRDXIIFV9C5,1,10,2,10,10,10,9,1,4,9,6,6,6,9,5,2,10,2,2,3,9,8,8,5,6,8,8,9,5,57,male,white,nonhisp,not sure,none
AYYSG3O9FNU15:3FK0YFF9P0VVRK5WUC7N9NA4UF0VVE,1,1,6,1,4,10,3,10,1,10,1,1,10,3,10,1,5,1,4,10,3,10,1,1,10,10,10,1,1,30,male,white,nonhisp,im unsure,no thanks 
AZ9BZONG644TU:3RJSC4XJ119Y0PP1LO1LKWQFNVC05B,0,8,2,2,9,10,10,8,8,2,2,9,10,10,8,8,2,2,9,10,10,8,8,9,9,1,1,10,2,34,female,white,nonhisp,no idea ,
AZVQ8TJ73ZGKM:35K3O9HUACSPTCXKZ7D9RXJW5OUEFJ,0,3,3,4,9,10,2,1,10,10,10,2,2,10,7,8,10,9,9,8,10,10,2,1,1,10,10,2,1,26,female,white,hisp,I thought it was mainly about memory related to frustration from trial process. ,I really enjoyed the task and it felt like it went by so quick. 
